ontologyId	genIdInOntology	adjustedPValue
ID:0000001	FBgn0261618	0
ID:0000002	FBgn0004407	0.01
ID:0000002	FBgn0010438	0.00001
ID:0000002	FBgn0261618	0.5
ID:0000010	FBgn0037044	0.4
ID:0000010	FBgn0261618	0.3
ID:0000012	FBgn0038704	0.5
ID:0000014	FBgn0002887	0.4
ID:0000014	FBgn0028434	0.3
ID:0000014	FBgn0030170	0
ID:0000014	FBgn0263831	0.01
ID:0000014	FBgn0038704	0.00001
ID:0000015	FBgn0000579	0
ID:0000015	FBgn0037044	0
ID:0000015	FBgn0261618	0.2
